index,省
0,
1,
2,
3,广东省
4,广东省
5,广东省
6,广东省
7,广东省
8,广东省
9,广东省
10,
11,北京市
12,广东省
13,广东省
14,河南省
15,广东省
16,浙江省
17,广东省
18,广东省
19,广东省
20,广东省
21,山东省
22,广东省
23,广东省
24,广东省
25,广东省
26,广东省
27,广东省
28,广东省
29,广东省
30,广东省
31,广东省
32,广东省
33,广东省
34,广东省
35,广东省
36,广东省
37,
38,
39,广东省
40,
41,广东省
42,江西省
43,安徽省
44,安徽省
45,安徽省
46,山东省
47,浙江省
48,山西省
49,安徽省
50,安徽省
51,浙江省
52,湖北省
53,安徽省
54,浙江省
55,安徽省
56,
57,广东省
58,
59,
60,
61,广东省
62,
63,
64,广东省
65,
66,上海市
67,
68,
69,
70,
71,
72,
73,
74,广东省
75,广东省
76,
77,
78,
79,广东省
80,
81,
82,
83,
84,江苏省
85,
86,
87,广东省
88,
89,
90,
91,
92,
93,
94,
95,
96,
97,
98,
99,
100,
101,
102,
103,
104,
105,
106,
107,
108,
109,广东省
110,广东省
111,
112,江苏省
113,
114,
115,
116,
117,
118,
119,
120,
121,
122,
123,
124,
125,
126,
127,
128,
129,
130,
131,广东省
132,
133,广东省
134,广东省
135,
136,
137,
138,
139,广东省
140,
141,
142,
143,
144,
145,
146,
147,
148,
149,
150,
151,
152,
153,
154,
155,
156,
157,
158,
159,
160,
161,
162,
163,
164,
165,
166,
167,
168,
169,
170,
171,
172,浙江省
173,湖南省
174,吉林省
175,湖南省
176,湖南省
177,湖南省
178,湖南省
179,湖南省
180,湖南省
181,湖南省
182,
183,
184,广东省
185,广东省
186,广东省
187,广东省
188,
189,
190,
191,
192,广东省
193,江苏省
194,四川省
195,广东省
196,广东省
197,广东省
198,广东省
199,山东省
200,吉林省
201,山东省
202,湖南省
203,重庆市
204,浙江省
205,浙江省
206,浙江省
207,浙江省
208,浙江省
209,浙江省
210,浙江省
211,福建省
212,江苏省
213,北京市
214,河南省
215,四川省
216,河南省
217,四川省
218,浙江省
219,浙江省
220,浙江省
221,浙江省
222,安徽省
223,四川省
224,广东省
225,四川省
226,黑龙江省
227,安徽省
228,河南省
229,四川省
230,山东省
231,安徽省
232,江西省
233,贵州省
234,山东省
235,江苏省
236,安徽省
237,安徽省
238,广东省
239,河南省
240,安徽省
241,浙江省
242,浙江省
243,浙江省
244,云南省
245,江苏省
246,浙江省
247,浙江省
248,安徽省
249,安徽省
250,江苏省
251,江苏省
252,上海市
253,安徽省
254,福建省
255,江苏省
256,安徽省
257,江苏省
258,江苏省
259,江苏省
260,安徽省
261,湖北省
262,安徽省
263,福建省
264,福建省
265,湖南省
266,浙江省
267,浙江省
268,浙江省
269,安徽省
270,广东省
271,广东省
272,广东省
273,广东省
274,河北省
275,四川省
276,山东省
277,山东省
278,安徽省
279,安徽省
280,广东省
281,安徽省
282,福建省
283,福建省
284,陕西省
285,湖南省
286,湖北省
287,广东省
288,安徽省
289,安徽省
290,云南省
291,安徽省
292,四川省
293,四川省
294,广东省
295,广东省
296,江苏省
297,广东省
298,安徽省
299,山东省
300,山东省
301,江西省
302,陕西省
303,陕西省
304,江苏省
305,山东省
306,福建省
307,上海市
308,贵州省
309,安徽省
310,安徽省
311,山东省
312,江苏省
313,安徽省
314,广东省
315,
316,
317,
318,甘肃省
319,山东省
320,安徽省
321,安徽省
322,广东省
323,安徽省
324,安徽省
325,北京市
326,安徽省
327,广西壮族自治区
328,山西省
329,山东省
330,安徽省
331,安徽省
332,安徽省
333,浙江省
334,安徽省
335,安徽省
336,山东省
337,山东省
338,
339,安徽省
340,山东省
341,山东省
342,山东省
343,山东省
344,
345,
346,
347,
348,
349,
350,
351,
352,
353,
354,
355,
356,
357,
358,
359,
360,
361,
362,
363,
364,
365,
366,
367,
368,
369,
370,
371,
372,
373,
374,
375,
376,
377,
378,
379,
380,
381,
382,
383,
384,
385,
386,
387,
388,
389,
390,
391,
392,
393,
394,
395,
396,
397,
398,
399,
400,
401,
402,
403,
404,
405,
406,
407,
408,
409,
410,
411,
412,
413,
414,
415,
416,
417,
418,
419,
420,
421,
422,
423,
424,
425,
426,
427,
428,
429,
430,
431,
432,
433,
434,
435,
436,
437,
438,
439,
440,
441,
442,
443,
444,
445,
446,
447,
448,
449,
450,
451,
452,
453,
454,
455,
456,广东省
457,
458,
459,
460,
461,
462,
463,
464,
465,
466,
467,
468,
469,
470,广东省
471,广东省
472,广东省
473,
474,
475,
476,
477,
478,
479,
480,
481,
482,广东省
483,
484,
485,
486,
487,广东省
488,
489,
490,
491,
492,
493,上海市
494,
495,
496,
497,
498,
499,
500,
501,广东省
502,
503,
504,
505,
506,
507,广东省
508,广东省
509,
510,
511,
512,
513,广东省
514,
515,
516,广东省
517,
518,
519,
520,
521,
522,
523,
524,广东省
525,
526,
527,
528,
529,
530,
531,
532,广东省
533,广东省
534,广东省
535,
536,
537,
538,
539,
540,
541,
542,
543,
544,湖北省
545,
546,广东省
547,
548,
549,
550,
551,
552,
553,
554,
555,
556,
557,
558,
559,
560,
561,
562,
563,
564,
565,
566,
567,
568,
569,
570,
571,
572,
573,安徽省
574,安徽省
575,安徽省
576,广东省
577,安徽省
578,广东省
579,广东省
580,安徽省
581,安徽省
582,河北省
583,安徽省
584,广东省
585,山东省
586,安徽省
587,四川省
588,广东省
589,广东省
590,广东省
591,安徽省
592,江西省
593,浙江省
594,山东省
595,安徽省
596,广东省
597,安徽省
598,广东省
599,山西省
600,山西省
601,安徽省
602,四川省
603,安徽省
604,安徽省
605,安徽省
606,江西省
607,福建省
608,山东省
609,福建省
610,江西省
611,山东省
612,福建省
613,广东省
614,江苏省
615,江西省
616,江苏省
617,江苏省
618,安徽省
619,上海市
620,广东省
621,安徽省
622,广东省
623,
624,
625,广东省
626,
627,
628,
629,
630,广东省
631,
632,
633,
634,
635,
636,
637,
638,
639,
640,
641,广东省
642,
643,广东省
644,
645,
646,广东省
647,
648,广东省
649,
650,
651,
652,广东省
653,
654,广东省
655,
656,
657,
658,
659,
660,
661,
662,
663,
664,
665,
666,
667,
668,
669,广东省
670,广东省
671,
672,广东省
673,
674,
675,
676,
677,广东省
678,
679,
680,
681,
682,
683,
684,
685,
686,
687,
688,
689,广东省
690,
691,广东省
692,
693,广东省
694,广东省
695,广东省
696,广东省
697,广东省
698,广东省
699,广东省
700,广东省
701,广东省
702,广东省
703,
704,
705,
706,
707,
708,
709,
710,
711,
712,
713,
714,
715,广东省
716,
717,
718,
719,
720,
721,
722,
723,广东省
724,广东省
725,江苏省
726,江苏省
727,江苏省
728,江苏省
729,江苏省
730,浙江省
731,浙江省
732,浙江省
733,浙江省
734,浙江省
735,浙江省
736,浙江省
737,浙江省
738,浙江省
739,浙江省
740,浙江省
741,湖南省
742,浙江省
743,浙江省
744,浙江省
745,浙江省
746,广东省
747,山东省
748,山东省
749,山东省
750,甘肃省
751,
752,四川省
753,湖北省
754,湖北省
755,湖北省
756,湖北省
757,湖北省
758,湖南省
759,河南省
760,河南省
761,河南省
762,广东省
763,河南省
764,广东省
765,山东省
766,浙江省
767,山东省
768,河南省
769,四川省
770,山西省
771,浙江省
772,广东省
773,天津市
774,江苏省
775,安徽省
776,北京市
777,福建省
778,四川省
779,山东省
780,江西省
781,新疆维吾尔自治区
782,云南省
783,辽宁省
784,山东省
785,四川省
786,福建省
787,河北省
788,云南省
789,云南省
790,福建省
791,北京市
792,辽宁省
793,河南省
794,上海市
795,山东省
796,新疆维吾尔自治区
797,广东省
798,天津市
799,重庆市
800,广西壮族自治区
801,湖北省
802,湖北省
803,广东省
804,湖南省
805,安徽省
806,广东省
807,安徽省
808,安徽省
809,广东省
810,江苏省
811,江苏省
812,上海市
813,江苏省
814,四川省
815,广东省
816,江苏省
817,上海市
818,广东省
819,贵州省
820,四川省
821,四川省
822,广西壮族自治区
823,辽宁省
824,福建省
825,河南省
826,甘肃省
827,黑龙江省
828,浙江省
829,河南省
830,上海市
831,广东省
832,重庆市
833,天津市
834,四川省
835,湖北省
836,广东省
837,浙江省
838,
839,
840,
841,
842,
843,
844,
845,
846,
847,
848,
849,江苏省
850,上海市
851,广东省
852,湖南省
853,湖南省
854,安徽省
855,湖南省
856,湖南省
857,湖南省
858,河南省
859,江苏省
860,湖南省
861,河南省
862,河北省
863,黑龙江省
864,江苏省
865,江苏省
866,吉林省
867,甘肃省
868,陕西省
869,江苏省
870,江苏省
871,江苏省
872,广东省
873,广东省
874,山东省
875,山东省
876,陕西省
877,江苏省
878,浙江省
879,江苏省
880,江苏省
881,江苏省
882,江苏省
883,浙江省
884,河南省
885,河南省
886,福建省
887,福建省
888,广东省
889,山西省
890,河南省
891,江苏省
892,江苏省
893,江苏省
894,江苏省
895,山东省
896,江苏省
897,河南省
898,广东省
899,陕西省
900,北京市
901,江苏省
902,河南省
903,贵州省
904,福建省
905,广东省
906,浙江省
907,山东省
908,山东省
909,北京市
910,河南省
911,江苏省
912,江苏省
913,浙江省
914,河南省
915,广东省
916,广东省
917,江苏省
918,浙江省
919,浙江省
920,山东省
921,浙江省
922,浙江省
923,江苏省
924,辽宁省
925,湖北省
926,陕西省
927,湖南省
928,湖南省
929,湖南省
930,江苏省
931,北京市
932,浙江省
933,安徽省
934,江苏省
935,山东省
936,广东省
937,辽宁省
938,黑龙江省
939,河南省
940,浙江省
941,辽宁省
942,广东省
943,江西省
944,安徽省
945,江苏省
946,安徽省
947,江西省
948,江苏省
949,湖南省
950,安徽省
951,广东省
952,湖南省
953,湖南省
954,浙江省
955,山西省
956,安徽省
957,湖南省
958,江西省
959,甘肃省
960,江苏省
961,上海市
962,江苏省
963,湖南省
964,安徽省
965,湖南省
966,福建省
967,四川省
968,湖南省
969,安徽省
970,安徽省
971,浙江省
972,广东省
973,天津市
974,湖南省
975,江苏省
976,安徽省
977,江西省
978,广东省
979,江苏省
980,江苏省
981,江苏省
982,山东省
983,山东省
984,江苏省
985,重庆市
986,浙江省
987,湖南省
988,江苏省
989,浙江省
990,安徽省
991,江苏省
992,湖南省
993,江苏省
994,湖南省
995,江苏省
996,湖南省
997,安徽省
998,浙江省
999,福建省
1000,湖南省
1001,广东省
1002,江苏省
1003,江西省
1004,江苏省
1005,安徽省
1006,江西省
1007,河南省
1008,江苏省
1009,广东省
1010,江苏省
1011,山东省
1012,湖南省
1013,安徽省
1014,安徽省
1015,陕西省
1016,山东省
1017,浙江省
1018,辽宁省
1019,辽宁省
1020,浙江省
1021,黑龙江省
1022,江苏省
1023,江苏省
1024,陕西省
1025,山西省
1026,山西省
1027,山西省
1028,山西省
1029,湖南省
1030,山西省
1031,广东省
1032,广东省
1033,上海市
1034,安徽省
1035,河南省
1036,江苏省
1037,安徽省
1038,安徽省
1039,浙江省
1040,陕西省
1041,辽宁省
1042,浙江省
1043,上海市
1044,北京市
1045,广东省
1046,北京市
1047,湖南省
1048,湖南省
1049,安徽省
1050,江西省
1051,山东省
1052,山东省
1053,山东省
1054,
1055,
1056,
1057,
1058,
1059,
1060,
1061,
1062,
1063,
1064,
1065,
1066,
1067,
1068,
1069,
1070,
1071,
1072,
1073,
1074,
1075,
1076,
1077,
1078,
1079,江苏省
1080,河南省
1081,吉林省
1082,江苏省
1083,江苏省
1084,福建省
1085,江苏省
1086,山东省
1087,广东省
1088,江西省
1089,江西省
1090,吉林省
1091,广东省
1092,江苏省
1093,江苏省
1094,山东省
1095,山东省
1096,江苏省
1097,江苏省
1098,广东省
1099,浙江省
1100,上海市
1101,江苏省
1102,四川省
1103,北京市
1104,浙江省
1105,山东省
1106,北京市
1107,重庆市
1108,山东省
1109,四川省
1110,江西省
1111,广东省
1112,江苏省
1113,江苏省
1114,江苏省
1115,江苏省
1116,江苏省
1117,江苏省
1118,江苏省
1119,江苏省
1120,江苏省
1121,河北省
1122,浙江省
1123,河北省
1124,浙江省
1125,江西省
1126,山东省
1127,江苏省
1128,安徽省
1129,陕西省
1130,江西省
1131,浙江省
1132,江苏省
1133,广东省
1134,江苏省
1135,湖北省
1136,陕西省
1137,江苏省
1138,江苏省
1139,江苏省
1140,江苏省
1141,江苏省
1142,湖南省
1143,广东省
1144,河南省
1145,湖南省
1146,山东省
1147,安徽省
1148,广东省
1149,安徽省
1150,福建省
1151,内蒙古自治区
1152,广东省
1153,广东省
1154,湖北省
1155,山东省
1156,山东省
1157,河南省
1158,湖北省
1159,陕西省
1160,河北省
1161,北京市
1162,江苏省
1163,北京市
1164,北京市
1165,宁夏回族自治区
1166,江苏省
1167,湖南省
1168,广西壮族自治区
1169,浙江省
1170,江苏省
1171,江苏省
1172,广东省
1173,湖南省
1174,山东省
1175,山东省
1176,广东省
1177,北京市
1178,北京市
1179,广东省
1180,山西省
1181,四川省
1182,江苏省
1183,广东省
1184,陕西省
1185,陕西省
1186,陕西省
1187,北京市
1188,江苏省
1189,山东省
1190,四川省
1191,
1192,
1193,
1194,广东省
1195,北京市
1196,
1197,
1198,
1199,广东省
1200,北京市
1201,
1202,北京市
1203,
1204,广东省
1205,江苏省
1206,江苏省
1207,安徽省
1208,福建省
1209,湖南省
1210,湖南省
1211,重庆市
1212,江苏省
1213,江苏省
1214,山东省
1215,江苏省
1216,浙江省
1217,北京市
1218,重庆市
1219,天津市
1220,云南省
1221,安徽省
1222,重庆市
1223,黑龙江省
1224,浙江省
1225,江苏省
1226,山东省
1227,河南省
1228,江苏省
1229,广西壮族自治区
1230,山东省
1231,江苏省
1232,山东省
1233,山东省
1234,湖北省
1235,河南省
1236,安徽省
1237,安徽省
1238,安徽省
1239,浙江省
1240,山东省
1241,安徽省
1242,安徽省
1243,浙江省
1244,安徽省
1245,山东省
1246,安徽省
1247,山东省
1248,河南省
1249,重庆市
1250,福建省
1251,福建省
1252,广西壮族自治区
1253,云南省
1254,江苏省
1255,山东省
1256,黑龙江省
1257,新疆维吾尔自治区
1258,山东省
1259,浙江省
1260,河南省
1261,河南省
1262,黑龙江省
1263,黑龙江省
1264,江苏省
1265,湖北省
1266,河北省
1267,河南省
1268,黑龙江省
1269,四川省
1270,浙江省
1271,河南省
1272,河南省
1273,河北省
1274,广东省
1275,河南省
1276,河南省
1277,安徽省
1278,浙江省
1279,重庆市
1280,江苏省
1281,广东省
1282,
1283,重庆市
1284,安徽省
1285,吉林省
1286,广东省
1287,江苏省
1288,山东省
1289,吉林省
1290,广西壮族自治区
1291,江苏省
1292,四川省
1293,安徽省
1294,新疆维吾尔自治区
1295,江苏省
1296,江西省
1297,浙江省
1298,湖南省
1299,湖北省
1300,广西壮族自治区
1301,浙江省
1302,北京市
1303,贵州省
1304,浙江省
1305,浙江省
1306,湖北省
1307,广东省
1308,黑龙江省
1309,安徽省
1310,江苏省
1311,广东省
1312,北京市
1313,广东省
1314,福建省
1315,重庆市
1316,安徽省
1317,江苏省
1318,广东省
1319,河南省
1320,河南省
1321,河南省
1322,河南省
1323,天津市
1324,湖北省
1325,黑龙江省
1326,山东省
1327,上海市
1328,江苏省
1329,
1330,
1331,
1332,
1333,北京市
1334,
1335,
1336,
1337,
1338,
1339,
1340,
1341,
1342,
1343,
1344,
1345,
1346,
1347,
1348,
1349,
1350,
1351,
1352,
1353,
1354,
1355,
1356,
1357,
1358,
1359,
1360,
1361,
1362,
1363,
1364,
1365,广东省
1366,
1367,
1368,
1369,
1370,
1371,
1372,
1373,
1374,
1375,
1376,
1377,
1378,
1379,
1380,
1381,
1382,
1383,
1384,
1385,
1386,
1387,
1388,
1389,
1390,
1391,
1392,
1393,
1394,
1395,
1396,
1397,
1398,
1399,
1400,
1401,
1402,
1403,
1404,
1405,广东省
1406,广东省
1407,
1408,
1409,
1410,
1411,
1412,
1413,
1414,
1415,
1416,
1417,
1418,广东省
1419,
1420,
1421,北京市
1422,
1423,
1424,
1425,
1426,
1427,
1428,
1429,
1430,
1431,
1432,
1433,
1434,
1435,
1436,
1437,
1438,
1439,
1440,
1441,
1442,
1443,
1444,
1445,
1446,
1447,
1448,
1449,
1450,
1451,
1452,上海市
1453,
1454,
1455,天津市
1456,天津市
1457,广东省
1458,
1459,广东省
1460,广东省
1461,广东省
1462,
1463,广东省
1464,广东省
1465,广东省
1466,
1467,广东省
1468,
1469,广东省
1470,广东省
1471,广东省
1472,广东省
1473,广东省
1474,广东省
1475,
1476,
1477,
1478,
1479,广东省
1480,北京市
1481,
1482,
1483,
1484,
1485,
1486,
1487,
1488,
1489,
1490,
1491,
1492,
1493,
1494,
1495,
1496,
1497,
1498,
1499,
1500,
1501,
1502,
1503,
1504,
1505,
1506,
1507,
1508,
1509,
1510,
1511,
1512,
1513,
1514,
1515,
1516,
1517,
1518,
1519,
1520,
1521,
1522,山东省
1523,
1524,
1525,
1526,山东省
1527,
1528,
1529,
1530,
1531,
1532,
1533,
1534,
1535,
1536,
1537,
1538,
1539,
1540,
1541,
1542,
1543,
1544,
1545,
1546,
1547,
1548,
1549,
1550,
1551,
1552,
1553,
1554,山东省
1555,
1556,
1557,
1558,
1559,
1560,广东省
1561,山东省
1562,
1563,
1564,
1565,
1566,
1567,
1568,
1569,
1570,
1571,
1572,湖北省
1573,
1574,
1575,
1576,
1577,
1578,
1579,
1580,
1581,
1582,
1583,
1584,
1585,
1586,
1587,
1588,
1589,
1590,
1591,
1592,
1593,广东省
1594,上海市
1595,青海省
1596,江苏省
1597,浙江省
1598,浙江省
1599,浙江省
1600,上海市
1601,湖南省
1602,山东省
1603,河南省
1604,河北省
1605,浙江省
1606,黑龙江省
1607,江苏省
1608,湖南省
1609,青海省
1610,上海市
1611,
1612,
1613,
1614,
1615,
1616,
1617,
1618,
1619,
1620,
1621,
1622,
1623,广东省
1624,
1625,广东省
1626,广东省
1627,
1628,
1629,
1630,
1631,
1632,
1633,
1634,
1635,
1636,广东省
1637,广东省
1638,
1639,
1640,
1641,上海市
1642,
1643,
1644,
1645,江苏省
1646,
1647,上海市
1648,
1649,
1650,
1651,江苏省
1652,
1653,
1654,
1655,
1656,
1657,
1658,
1659,
1660,
1661,广东省
1662,福建省
1663,广东省
1664,广东省
1665,福建省
1666,
1667,
1668,广东省
1669,广东省
1670,
1671,
1672,
1673,
1674,
1675,
1676,
1677,
1678,
1679,
1680,
1681,
1682,
1683,
1684,
1685,
1686,
1687,
1688,
1689,
1690,
1691,
1692,
1693,
1694,
1695,
1696,
1697,
1698,
1699,
1700,
1701,
1702,
1703,
1704,
1705,
1706,
1707,
1708,
1709,
1710,
1711,
1712,
1713,
1714,
1715,
1716,
1717,
1718,
1719,
1720,
1721,
1722,
1723,
1724,四川省
1725,
1726,
1727,
1728,
1729,
1730,
1731,
1732,
1733,
1734,
1735,
1736,
1737,
1738,
1739,
1740,
1741,
1742,
1743,
1744,
1745,
1746,
1747,
1748,
1749,
1750,
1751,
1752,
1753,
1754,广东省
1755,
1756,
1757,
1758,
1759,
1760,
1761,
1762,
1763,
1764,
1765,
1766,
1767,
1768,
1769,
1770,
1771,
1772,
1773,
1774,
1775,
1776,
1777,
1778,
1779,
1780,
1781,
1782,
1783,
1784,
1785,
1786,
1787,
1788,
1789,
1790,
1791,
1792,
1793,
1794,
1795,
1796,
1797,
1798,
1799,
1800,
1801,
1802,
1803,
1804,
1805,
1806,
1807,
1808,
1809,
1810,
1811,
1812,
1813,
1814,
1815,
1816,广东省
1817,
1818,
1819,北京市
1820,北京市
1821,江西省
1822,江西省
1823,北京市
1824,广东省
1825,广东省
1826,广东省
1827,浙江省
1828,浙江省
1829,江苏省
1830,北京市
1831,广西壮族自治区
1832,河南省
1833,河南省
1834,湖北省
1835,江苏省
1836,江苏省
1837,河北省
1838,江苏省
1839,江苏省
1840,江苏省
1841,山东省
1842,山东省
1843,广东省
1844,北京市
1845,宁夏回族自治区
1846,江苏省
1847,浙江省
1848,广东省
1849,重庆市
1850,浙江省
1851,浙江省
1852,浙江省
1853,宁夏回族自治区
1854,江苏省
1855,河南省
1856,河南省
1857,河南省
1858,江苏省
1859,浙江省
1860,新疆维吾尔自治区
1861,广西壮族自治区
1862,江苏省
1863,宁夏回族自治区
1864,安徽省
1865,湖北省
1866,河北省
1867,江苏省
1868,浙江省
1869,安徽省
1870,江苏省
1871,福建省
1872,浙江省
1873,河南省
1874,北京市
1875,浙江省
1876,河北省
1877,浙江省
1878,浙江省
1879,浙江省
1880,浙江省
1881,江苏省
1882,江苏省
1883,四川省
1884,浙江省
1885,浙江省
1886,浙江省
1887,福建省
1888,浙江省
1889,宁夏回族自治区
1890,浙江省
1891,浙江省
1892,浙江省
1893,浙江省
1894,安徽省
1895,浙江省
1896,湖南省
1897,山东省
1898,湖北省
1899,云南省
1900,广东省
1901,山东省
1902,浙江省
1903,江苏省
1904,浙江省
1905,四川省
1906,陕西省
1907,安徽省
1908,浙江省
1909,宁夏回族自治区
1910,河南省
1911,江苏省
1912,广东省
1913,吉林省
1914,广东省
1915,吉林省
1916,广东省
1917,江苏省
1918,江苏省
1919,广东省
1920,
1921,
1922,广东省
1923,广东省
1924,
1925,
1926,
1927,
1928,
1929,
1930,
1931,
1932,
1933,
1934,
1935,
1936,北京市
1937,
1938,
1939,
1940,
1941,
1942,
1943,
1944,
1945,
1946,广东省
1947,
1948,
1949,
1950,
1951,广东省
1952,
1953,广东省
1954,
1955,
1956,
1957,
1958,
1959,
1960,
1961,湖北省
1962,
1963,广东省
1964,广东省
1965,江苏省
1966,江苏省
1967,北京市
1968,广东省
1969,广东省
1970,广东省
1971,
1972,广东省
1973,
1974,
1975,
1976,北京市
1977,广东省
1978,
1979,
1980,
1981,广东省
1982,
1983,
1984,江苏省
1985,
1986,广东省
1987,
1988,
1989,江苏省
1990,
1991,
1992,江苏省
1993,江苏省
1994,广东省
1995,河南省
1996,河南省
1997,广东省
1998,广东省
1999,广东省
2000,浙江省
2001,江苏省
2002,山东省
2003,北京市
2004,北京市
2005,北京市
2006,广东省
2007,山东省
2008,广东省
2009,江苏省
2010,广东省
2011,
2012,
2013,
2014,
2015,
2016,
2017,
2018,
2019,
2020,
2021,
2022,
2023,
2024,
2025,
2026,
2027,
2028,
2029,
2030,
2031,
2032,
2033,
2034,
2035,
2036,
2037,
2038,
2039,
2040,
2041,
2042,
2043,
2044,
2045,
2046,
2047,
2048,
2049,
2050,
2051,
2052,
2053,
2054,
2055,
2056,
2057,
2058,
2059,
2060,
2061,
2062,
2063,
2064,
2065,
2066,
2067,
2068,
2069,
2070,
2071,
2072,
2073,
2074,
2075,
2076,
2077,
2078,
2079,
2080,
2081,
2082,
2083,
2084,
2085,
2086,
2087,
2088,
2089,
2090,
2091,
2092,
2093,
2094,
2095,
2096,
2097,
2098,
2099,
2100,
2101,
2102,
2103,
2104,
2105,
2106,
2107,
2108,
2109,
2110,
2111,
2112,
2113,
2114,
2115,
2116,
2117,
2118,
2119,
2120,广东省
2121,
2122,
2123,
2124,
2125,
2126,
2127,
2128,
2129,
2130,
2131,
2132,北京市
2133,北京市
2134,
2135,
2136,
2137,
2138,
2139,
2140,
2141,
2142,
2143,广东省
2144,
2145,
2146,
2147,
2148,
2149,
2150,北京市
2151,
2152,
2153,广东省
2154,
2155,
2156,
2157,
2158,
2159,
2160,
2161,
2162,
2163,
2164,
2165,
2166,
2167,
2168,广东省
2169,
2170,
2171,
2172,
2173,北京市
2174,
2175,
2176,
2177,
2178,
2179,
2180,
2181,
2182,
2183,
2184,
2185,
2186,广东省
2187,
2188,
2189,
2190,
2191,
2192,
2193,
2194,
2195,
2196,
2197,
2198,
2199,
2200,
2201,
2202,
2203,
2204,
2205,
2206,
2207,
2208,
2209,
2210,
2211,
2212,
2213,
2214,
2215,
2216,
2217,
2218,
2219,
2220,
2221,
2222,
2223,
2224,
2225,
2226,
2227,
2228,
2229,
2230,
2231,
2232,
2233,
2234,
2235,
2236,
2237,
2238,
2239,
2240,
2241,
2242,
2243,
2244,
2245,
2246,
2247,
2248,
2249,
2250,
2251,
2252,
2253,广东省
2254,
2255,
2256,
2257,
2258,
2259,
2260,
2261,
2262,
2263,
2264,
2265,
2266,
2267,
2268,
2269,
2270,
2271,
2272,
2273,
2274,
2275,
2276,
2277,
2278,
2279,
2280,
2281,
2282,
2283,
2284,
2285,广东省
2286,
2287,
2288,
2289,
2290,
2291,
2292,
2293,
2294,
2295,
2296,
2297,
2298,
2299,
2300,
2301,
2302,
2303,
2304,
2305,
2306,
2307,
2308,
2309,
2310,
2311,
2312,
2313,
2314,
2315,
2316,
2317,
2318,
2319,
2320,
2321,
2322,广东省
2323,
2324,
2325,
2326,四川省
2327,
2328,
2329,
2330,
2331,
2332,
2333,
2334,
2335,
2336,
2337,
2338,
2339,
2340,广东省
2341,
2342,
2343,
2344,
2345,
2346,
2347,
2348,
2349,
2350,
2351,
2352,广东省
2353,
2354,
2355,
2356,
2357,
2358,
2359,
2360,
2361,
2362,
2363,
2364,
2365,
2366,
2367,
2368,
2369,
2370,
2371,安徽省
2372,甘肃省
2373,福建省
2374,山东省
2375,广东省
2376,安徽省
2377,陕西省
2378,江苏省
2379,广东省
2380,广东省
2381,广东省
2382,浙江省
2383,浙江省
2384,四川省
2385,四川省
2386,山东省
2387,广东省
2388,广东省
2389,江苏省
2390,江苏省
2391,江苏省
2392,安徽省
2393,河北省
2394,广东省
2395,山东省
2396,安徽省
2397,浙江省
2398,江苏省
2399,广西壮族自治区
2400,安徽省
2401,浙江省
2402,江苏省
2403,安徽省
2404,河北省
2405,江苏省
2406,福建省
2407,广西壮族自治区
2408,河北省
2409,贵州省
2410,浙江省
2411,江苏省
2412,辽宁省
2413,吉林省
2414,广东省
2415,四川省
2416,安徽省
2417,浙江省
2418,浙江省
2419,新疆维吾尔自治区
2420,江苏省
2421,江苏省
2422,浙江省
2423,江苏省
2424,福建省
2425,江西省
2426,吉林省
2427,贵州省
2428,江苏省
2429,江苏省
2430,江苏省
2431,山东省
2432,河南省
2433,浙江省
2434,广东省
2435,广东省
2436,湖北省
2437,内蒙古自治区
2438,广东省
2439,江苏省
2440,四川省
2441,浙江省
2442,湖北省
2443,安徽省
2444,广西壮族自治区
2445,广东省
2446,广西壮族自治区
2447,广西壮族自治区
2448,福建省
2449,浙江省
2450,江苏省
2451,江苏省
2452,重庆市
2453,安徽省
2454,广东省
2455,四川省
2456,广西壮族自治区
2457,四川省
2458,浙江省
2459,江苏省
2460,湖北省
2461,四川省
2462,浙江省
2463,湖北省
2464,广东省
2465,四川省
2466,四川省
2467,福建省
2468,湖南省
2469,山东省
2470,浙江省
2471,湖北省
2472,浙江省
2473,湖北省
2474,浙江省
2475,浙江省
2476,山西省
2477,陕西省
2478,浙江省
2479,福建省
2480,安徽省
2481,广东省
2482,天津市
2483,山东省
2484,福建省
2485,安徽省
2486,浙江省
2487,江苏省
2488,广西壮族自治区
2489,安徽省
2490,山西省
2491,广东省
2492,河南省
2493,广西壮族自治区
2494,江苏省
2495,江苏省
2496,湖北省
2497,浙江省
2498,广东省
2499,广东省
2500,广东省
2501,广东省
2502,广东省
2503,广东省
2504,广东省
2505,广东省
2506,广东省
2507,广东省
2508,广东省
2509,江苏省
2510,山东省
2511,江苏省
2512,北京市
2513,浙江省
2514,浙江省
2515,浙江省
2516,广东省
2517,浙江省
2518,浙江省
2519,浙江省
2520,浙江省
2521,北京市
2522,广东省
2523,浙江省
2524,浙江省
2525,河南省
2526,江苏省
2527,山东省
2528,山东省
2529,山东省
2530,江苏省
2531,湖南省
2532,山东省
2533,北京市
2534,
2535,
2536,
2537,
2538,
2539,
2540,
2541,
2542,
2543,
2544,上海市
2545,
2546,
2547,
2548,
2549,
2550,
2551,
2552,
2553,
2554,江苏省
2555,
2556,
2557,
2558,
2559,广东省
2560,
2561,
2562,
2563,
2564,
2565,
2566,
2567,
2568,
2569,
2570,浙江省
2571,广东省
2572,
2573,广东省
2574,广东省
2575,
2576,
2577,
2578,
2579,
2580,
2581,
2582,
2583,
2584,
2585,广东省
2586,广东省
2587,广东省
2588,广东省
2589,广东省
2590,广东省
2591,广东省
2592,广东省
2593,广东省
2594,广东省
2595,广东省
2596,广东省
2597,广东省
2598,广东省
2599,广东省
2600,江苏省
2601,广东省
2602,安徽省
2603,山东省
2604,山东省
2605,安徽省
2606,河北省
2607,安徽省
2608,浙江省
2609,广东省
2610,浙江省
2611,广东省
2612,广东省
2613,广东省
2614,山东省
2615,广东省
2616,广东省
2617,浙江省
2618,浙江省
2619,广东省
2620,广东省
2621,广东省
2622,广东省
2623,广东省
2624,
2625,
2626,
2627,
2628,
2629,
2630,
2631,
2632,
2633,
2634,
2635,
2636,
2637,
2638,
2639,
2640,
2641,
2642,
2643,
2644,
2645,
2646,
2647,
2648,
2649,
2650,
2651,
2652,
2653,
2654,
2655,
2656,
2657,
2658,
2659,
2660,
2661,
2662,
2663,
2664,
2665,
2666,
2667,
2668,
2669,
2670,
2671,
2672,北京市
2673,
2674,
2675,
2676,
2677,
2678,
2679,
2680,广东省
2681,广东省
2682,
2683,
2684,
2685,
2686,
2687,
2688,
2689,
2690,
2691,
2692,
2693,
2694,
2695,
2696,
2697,
2698,
2699,
2700,
2701,
2702,
2703,
2704,
2705,
2706,
2707,
2708,
2709,
2710,
2711,
2712,江西省
2713,江苏省
2714,江西省
2715,广东省
2716,湖南省
2717,浙江省
2718,重庆市
2719,江西省
2720,福建省
2721,浙江省
2722,河南省
2723,内蒙古自治区
2724,甘肃省
2725,甘肃省
2726,安徽省
2727,江苏省
2728,安徽省
2729,辽宁省
2730,广西壮族自治区
2731,安徽省
2732,江苏省
2733,北京市
2734,重庆市
2735,重庆市
2736,江苏省
2737,内蒙古自治区
2738,广东省
2739,安徽省
2740,湖南省
2741,甘肃省
2742,山东省
2743,湖北省
2744,江苏省
2745,江苏省
2746,江苏省
2747,山东省
2748,贵州省
2749,山东省
2750,山东省
2751,安徽省
2752,江苏省
2753,湖北省
2754,安徽省
2755,山东省
2756,安徽省
2757,贵州省
2758,山东省
2759,浙江省
2760,湖南省
2761,黑龙江省
2762,安徽省
2763,江苏省
2764,四川省
2765,河南省
2766,山东省
2767,山东省
2768,山东省
2769,山东省
2770,江苏省
2771,广西壮族自治区
2772,广西壮族自治区
2773,河南省
2774,江西省
2775,北京市
2776,湖南省
2777,吉林省
2778,山西省
2779,山东省
2780,山东省
2781,重庆市
2782,重庆市
2783,浙江省
2784,山东省
2785,江西省
2786,安徽省
2787,湖南省
2788,广东省
2789,江苏省
2790,江苏省
2791,江苏省
2792,江苏省
2793,山东省
2794,山东省
2795,江苏省
2796,湖南省
2797,广东省
2798,湖南省
2799,北京市
2800,辽宁省
2801,安徽省
2802,陕西省
2803,江苏省
2804,江苏省
2805,山东省
2806,山东省
2807,山东省
2808,山东省
2809,山东省
2810,陕西省
2811,山东省
2812,河南省
2813,江苏省
2814,浙江省
2815,山东省
2816,浙江省
2817,北京市
2818,浙江省
2819,北京市
2820,浙江省
2821,北京市
2822,北京市
2823,北京市
2824,福建省
2825,吉林省
2826,北京市
2827,浙江省
2828,河北省
2829,北京市
2830,浙江省
2831,山东省
2832,浙江省
2833,安徽省
2834,云南省
2835,浙江省
2836,北京市
2837,广东省
2838,广东省
2839,青海省
2840,青海省
2841,浙江省
2842,
2843,
2844,
2845,
2846,
2847,
2848,
2849,
2850,广东省
2851,
2852,
2853,
2854,
2855,
2856,
2857,
2858,
2859,
2860,
2861,
2862,
2863,
2864,
2865,
2866,
2867,
2868,
2869,
2870,
2871,
2872,
2873,
2874,
2875,
2876,
2877,
2878,
2879,
2880,
2881,
2882,
2883,
2884,
2885,
2886,
2887,
2888,
2889,
2890,
2891,
2892,
2893,
2894,
2895,
2896,
2897,
2898,
2899,
2900,
2901,广东省
2902,广东省
2903,
2904,
2905,
2906,
2907,
2908,
2909,
2910,
2911,
2912,
2913,
2914,
2915,
2916,
2917,
2918,
2919,
2920,
2921,
2922,
2923,
2924,
2925,
2926,
2927,
2928,
2929,
2930,
2931,
2932,
2933,
2934,
2935,
2936,
2937,
2938,
2939,
2940,
2941,
2942,
2943,
2944,
2945,
2946,
2947,
2948,
2949,
2950,
2951,
2952,
2953,
2954,
2955,
2956,
2957,
2958,
2959,北京市
2960,
2961,
2962,
2963,
2964,
2965,
2966,
2967,
2968,
2969,
2970,
2971,
2972,
2973,
2974,
2975,
2976,
2977,浙江省
2978,广东省
2979,广东省
2980,广东省
2981,广东省
2982,广东省
2983,广东省
2984,广东省
2985,江苏省
2986,江苏省
2987,江苏省
2988,江苏省
2989,江苏省
2990,江苏省
2991,江苏省
2992,江苏省
2993,江苏省
2994,江苏省
2995,江苏省
2996,江苏省
2997,江苏省
2998,江苏省
2999,江苏省
3000,江苏省
3001,江苏省
3002,江苏省
3003,江苏省
3004,江苏省
3005,江苏省
3006,江苏省
3007,江苏省
3008,江苏省
3009,江苏省
3010,江苏省
3011,江苏省
3012,江西省
3013,江西省
3014,广东省
3015,广东省
3016,广东省
3017,广东省
3018,广东省
3019,广东省
3020,广东省
3021,广东省
3022,广东省
3023,广东省
3024,广东省
3025,广东省
3026,广东省
3027,广东省
3028,广东省
3029,广东省
3030,湖南省
3031,山东省
3032,山东省
3033,江苏省
3034,江苏省
3035,江苏省
3036,江苏省
3037,江苏省
3038,江苏省
3039,江苏省
3040,江苏省
3041,江苏省
3042,江苏省
3043,江苏省
3044,江苏省
3045,江苏省
3046,江苏省
3047,江苏省
3048,江苏省
3049,江苏省
3050,广东省
3051,河南省
3052,河南省
3053,江苏省
3054,江苏省
3055,四川省
3056,广东省
3057,广东省
3058,江苏省
3059,湖北省
3060,湖南省
3061,江西省
3062,湖南省
3063,江苏省
3064,云南省
3065,江苏省
3066,浙江省
3067,山东省
3068,江苏省
3069,湖南省
3070,江苏省
3071,湖南省
3072,江苏省
3073,湖北省
3074,浙江省
3075,重庆市
3076,江苏省
3077,湖南省
3078,湖北省
3079,湖南省
3080,湖北省
3081,江苏省
3082,江苏省
3083,安徽省
3084,安徽省
3085,河北省
3086,浙江省
3087,湖南省
3088,江苏省
3089,河南省
3090,江苏省
3091,江苏省
3092,山东省
3093,湖南省
3094,山东省
3095,云南省
3096,江苏省
3097,江苏省
3098,山东省
3099,湖南省
3100,青海省
3101,山东省
3102,江苏省
3103,辽宁省
3104,江苏省
3105,江苏省
3106,江苏省
3107,江苏省
3108,青海省
3109,江苏省
3110,湖北省
3111,陕西省
3112,山东省
3113,安徽省
3114,浙江省
3115,山东省
3116,浙江省
3117,江苏省
3118,福建省
3119,安徽省
3120,广东省
3121,广东省
3122,陕西省
3123,江苏省
3124,江苏省
3125,江苏省
3126,河南省
3127,河南省
3128,河南省
3129,河南省
3130,河南省
3131,河南省
3132,广东省
3133,河南省
3134,湖南省
3135,湖北省
3136,安徽省
3137,云南省
3138,江苏省
3139,山东省
3140,广东省
3141,广东省
3142,山东省
3143,浙江省
3144,湖南省
3145,江苏省
3146,江苏省
3147,湖南省
3148,江苏省
3149,湖南省
3150,湖南省
3151,湖南省
3152,
3153,
3154,
3155,
3156,
3157,
3158,山东省
3159,
3160,
3161,
3162,
3163,
3164,
3165,
3166,
3167,
3168,
3169,
3170,广东省
3171,
3172,
3173,
3174,
3175,
3176,广东省
3177,
3178,
3179,
3180,
3181,
3182,
3183,
3184,
3185,广东省
3186,
3187,
3188,
3189,
3190,
3191,
3192,广东省
3193,
3194,
3195,
3196,
3197,
3198,
3199,
3200,
3201,
3202,
3203,
3204,
3205,
3206,
3207,
3208,
3209,
3210,
3211,
3212,
3213,
3214,
3215,
3216,
3217,
3218,
3219,
3220,
3221,
3222,
3223,
3224,
3225,
3226,
3227,
3228,
3229,
3230,
3231,
3232,
3233,
3234,
3235,
3236,
3237,
3238,
3239,
3240,
3241,
3242,
3243,
3244,
3245,
3246,
3247,
3248,
3249,
3250,
3251,
3252,
3253,
3254,
3255,
3256,
3257,
3258,
3259,
3260,
3261,
3262,
3263,
3264,
3265,
3266,
3267,
3268,
3269,
3270,
3271,
3272,
3273,
3274,
3275,
3276,
3277,
3278,
3279,
3280,
3281,
3282,
3283,
3284,
3285,
3286,
3287,
3288,广东省
3289,
3290,
3291,
3292,广东省
3293,湖北省
3294,广东省
3295,
3296,
3297,广东省
3298,
3299,广东省
3300,广东省
3301,北京市
3302,广东省
3303,山东省
3304,江苏省
3305,广东省
3306,广东省
3307,广东省
3308,广东省
3309,广东省
3310,广东省
3311,浙江省
3312,广东省
3313,
3314,
3315,
3316,
3317,
3318,
3319,
3320,
3321,
3322,安徽省
3323,安徽省
3324,安徽省
3325,安徽省
3326,安徽省
3327,安徽省
3328,安徽省
3329,安徽省
3330,安徽省
3331,安徽省
3332,四川省
3333,安徽省
3334,安徽省
3335,安徽省
3336,安徽省
3337,安徽省
3338,福建省
3339,安徽省
3340,安徽省
3341,安徽省
3342,安徽省
3343,安徽省
3344,安徽省
3345,安徽省
3346,安徽省
3347,安徽省
3348,安徽省
3349,安徽省
3350,安徽省
3351,安徽省
3352,安徽省
3353,安徽省
3354,安徽省
3355,安徽省
3356,安徽省
3357,安徽省
3358,安徽省
3359,安徽省
3360,安徽省
3361,安徽省
3362,安徽省
3363,安徽省
3364,安徽省
3365,安徽省
3366,安徽省
3367,安徽省
3368,安徽省
3369,安徽省
3370,安徽省
3371,安徽省
3372,安徽省
3373,广东省
3374,浙江省
3375,广东省
3376,浙江省
3377,安徽省
3378,湖南省
3379,安徽省
3380,海南省
3381,湖南省
3382,安徽省
3383,安徽省
3384,山东省
3385,湖南省
3386,江苏省
3387,江苏省
3388,安徽省
3389,安徽省
3390,安徽省
3391,安徽省
3392,海南省
3393,广西壮族自治区
3394,广西壮族自治区
3395,广东省
3396,黑龙江省
3397,安徽省
3398,安徽省
3399,江苏省
3400,安徽省
3401,安徽省
3402,安徽省
3403,安徽省
3404,浙江省
3405,广东省
3406,安徽省
3407,安徽省
3408,浙江省
3409,浙江省
3410,北京市
3411,重庆市
3412,浙江省
3413,安徽省
3414,广西壮族自治区
3415,广西壮族自治区
3416,广西壮族自治区
3417,广西壮族自治区
3418,安徽省
3419,安徽省
3420,安徽省
3421,浙江省
3422,安徽省
3423,安徽省
3424,湖北省
3425,
3426,
3427,
3428,
3429,
3430,
3431,
3432,
3433,
3434,
3435,
3436,
3437,
3438,
3439,
3440,
3441,
3442,
3443,
3444,
3445,
3446,
3447,
3448,
3449,
3450,
3451,
3452,
3453,
3454,
3455,
3456,
3457,
3458,
3459,广东省
3460,广东省
3461,
3462,
3463,广东省
3464,
3465,广东省
3466,
3467,广东省
3468,
3469,广东省
3470,广东省
3471,广东省
3472,
3473,广东省
3474,
3475,广东省
3476,广东省
3477,广东省
3478,
3479,广东省
3480,广东省
3481,
3482,
3483,
3484,
3485,
3486,
3487,
3488,
3489,广东省
3490,
3491,广东省
3492,广东省
3493,陕西省
3494,广东省
3495,
3496,
3497,
3498,广东省
3499,
3500,
3501,
3502,
3503,
3504,
3505,
3506,广东省
3507,广东省
3508,
3509,广东省
3510,
3511,
3512,
3513,广东省
3514,
3515,广东省
3516,广东省
3517,
3518,
3519,广东省
3520,
3521,
3522,广东省
3523,广东省
3524,广东省
3525,广东省
3526,广东省
3527,广东省
3528,广东省
3529,
3530,
3531,
3532,
3533,
3534,
3535,
3536,广东省
3537,
3538,
3539,
3540,
3541,
3542,
3543,
3544,
3545,
3546,
3547,
3548,
3549,
3550,
3551,
3552,江苏省
3553,
3554,
3555,
3556,
3557,广东省
3558,
3559,
3560,
3561,
3562,
3563,
3564,
3565,
3566,
3567,
3568,
3569,
3570,
3571,
3572,
3573,
3574,
3575,
3576,浙江省
3577,广东省
3578,
3579,
3580,
3581,
3582,
3583,
3584,
3585,
3586,
3587,
3588,
3589,
3590,
3591,
3592,
3593,
3594,
3595,
3596,
3597,
3598,
3599,
3600,
3601,
3602,
3603,
3604,
3605,
3606,
3607,
3608,
3609,
3610,
3611,
3612,
3613,
3614,
3615,
3616,
3617,
3618,广东省
3619,
3620,
3621,
3622,
3623,
3624,
3625,
3626,
3627,
3628,
3629,
3630,
3631,
3632,
3633,
3634,
3635,
3636,
3637,
3638,
3639,
3640,
3641,
3642,
3643,
3644,
3645,
3646,
3647,
3648,
3649,
3650,
3651,
3652,
3653,
3654,
3655,
3656,
3657,
3658,
3659,
3660,
3661,
3662,
3663,
3664,
3665,
3666,
3667,
3668,
3669,
3670,
3671,
3672,
3673,
3674,
3675,
3676,
3677,
3678,
3679,
3680,
3681,
3682,
3683,
3684,
3685,
3686,
3687,
3688,
3689,
3690,
3691,
3692,
3693,
3694,
3695,
3696,
3697,
3698,
3699,
3700,
3701,
3702,
3703,
3704,
3705,
3706,
3707,
3708,
3709,
3710,
3711,
3712,
3713,
3714,
3715,
3716,
3717,
3718,
3719,北京市
3720,北京市
3721,北京市
3722,广东省
3723,广东省
3724,北京市
3725,北京市
3726,
3727,江苏省
3728,
3729,
3730,
3731,广东省
3732,
3733,广东省
3734,广东省
3735,广东省
3736,广东省
3737,广东省
3738,
3739,天津市
3740,广东省
3741,
3742,
3743,
3744,广东省
3745,
3746,
3747,
3748,
3749,广东省
3750,
3751,
3752,
3753,
3754,
3755,
3756,
3757,广东省
3758,广东省
3759,北京市
3760,
3761,
3762,
3763,
3764,
3765,
3766,
3767,
3768,
3769,
3770,广东省
3771,
3772,广东省
3773,
3774,
3775,
3776,广东省
3777,广东省
3778,
3779,广东省
3780,河北省
3781,
3782,
3783,
3784,福建省
3785,
3786,
3787,
3788,
3789,
3790,广东省
3791,
3792,
3793,广东省
3794,
3795,
3796,江苏省
3797,广东省
3798,
3799,
3800,
3801,
3802,
3803,
3804,北京市
3805,
3806,
3807,
3808,
3809,
3810,
3811,
3812,
3813,
3814,
3815,
3816,广东省
3817,
3818,
3819,
3820,
3821,
3822,
3823,
3824,广东省
3825,广东省
3826,广东省
3827,
3828,
3829,
3830,广东省
3831,
3832,广东省
3833,广东省
3834,广东省
3835,
3836,广东省
3837,
3838,广东省
3839,
3840,广东省
3841,广东省
3842,
3843,
3844,
3845,广东省
3846,
3847,
3848,
3849,
3850,广东省
3851,上海市
3852,
3853,广东省
3854,北京市
3855,
3856,浙江省
3857,
3858,
3859,
3860,广东省
3861,
3862,安徽省
3863,广东省
3864,广东省
3865,
3866,
3867,广东省
3868,
3869,广东省
3870,
3871,广东省
3872,广东省
3873,
3874,江苏省
3875,江苏省
3876,江苏省
3877,江苏省
3878,江苏省
3879,江苏省
3880,广东省
3881,广东省
3882,浙江省
3883,浙江省
3884,广东省
3885,广东省
3886,安徽省
3887,安徽省
3888,四川省
3889,四川省
3890,浙江省
3891,山东省
3892,四川省
3893,上海市
3894,安徽省
3895,浙江省
3896,江苏省
3897,江苏省
3898,河北省
3899,四川省
3900,江苏省
3901,江苏省
3902,贵州省
3903,广东省
3904,浙江省
3905,江苏省
3906,湖北省
3907,辽宁省
3908,江苏省
3909,黑龙江省
3910,江苏省
3911,四川省
3912,浙江省
3913,江西省
3914,四川省
3915,四川省
3916,广东省
3917,广东省
3918,广东省
3919,广东省
3920,广东省
3921,广东省
3922,广东省
3923,广东省
3924,广东省
3925,广东省
3926,北京市
3927,广东省
3928,湖南省
3929,四川省
3930,四川省
3931,山东省
3932,广东省
3933,广东省
3934,广东省
3935,广东省
3936,北京市
3937,北京市
3938,北京市
3939,北京市
3940,北京市
3941,广东省
3942,广西壮族自治区
3943,广西壮族自治区
3944,广西壮族自治区
3945,湖南省
3946,江苏省
3947,浙江省
3948,浙江省
3949,浙江省
3950,浙江省
3951,江苏省
3952,河南省
3953,广东省
3954,吉林省
3955,山东省
3956,湖南省
3957,云南省
3958,湖北省
3959,江苏省
3960,浙江省
3961,湖南省
3962,河北省
3963,河南省
3964,黑龙江省
3965,黑龙江省
3966,江苏省
3967,江苏省
3968,江苏省
3969,河北省
3970,新疆维吾尔自治区
3971,江苏省
3972,广东省
3973,湖北省
3974,河北省
3975,北京市
3976,浙江省
3977,浙江省
3978,江苏省
3979,江苏省
3980,浙江省
3981,湖南省
3982,江苏省
3983,湖北省
3984,福建省
3985,江苏省
3986,浙江省
3987,陕西省
3988,云南省
3989,新疆维吾尔自治区
3990,湖北省
3991,江苏省
3992,黑龙江省
3993,湖北省
3994,江西省
3995,贵州省
3996,江苏省
3997,江苏省
3998,江西省
3999,黑龙江省
4000,浙江省
4001,甘肃省
4002,福建省
4003,天津市
4004,浙江省
4005,江苏省
4006,江苏省
4007,江苏省
4008,江苏省
4009,黑龙江省
4010,福建省
4011,福建省
4012,陕西省
4013,重庆市
4014,湖北省
4015,浙江省
4016,辽宁省
4017,江苏省
4018,福建省
4019,江苏省
4020,浙江省
4021,湖南省
4022,贵州省
4023,四川省
4024,
4025,上海市
4026,山东省
4027,江苏省
4028,湖南省
4029,广东省
4030,广东省
4031,北京市
4032,北京市
4033,安徽省
4034,江苏省
4035,江苏省
4036,山东省
4037,重庆市
4038,甘肃省
4039,江西省
4040,浙江省
4041,山东省
4042,安徽省
4043,江西省
4044,广东省
4045,江苏省
4046,福建省
4047,河南省
4048,广东省
4049,四川省
4050,
4051,
4052,
4053,
4054,
4055,
4056,
4057,
4058,
4059,
4060,
4061,
4062,
4063,
4064,
4065,
4066,
4067,
4068,江苏省
4069,
4070,
4071,
4072,
4073,
4074,
4075,
4076,
4077,
4078,
4079,
4080,
4081,
4082,
4083,
4084,
4085,
4086,
4087,
4088,
4089,
4090,
4091,
4092,
4093,
4094,
4095,
4096,
4097,
4098,
4099,
4100,
4101,
4102,
4103,
4104,
4105,
4106,
4107,
4108,
4109,
4110,
4111,
4112,
4113,
4114,
4115,
4116,
4117,
4118,
4119,
4120,
4121,
4122,
4123,
4124,
4125,
4126,
4127,
4128,
4129,
4130,
4131,
4132,
4133,
4134,
4135,
4136,
4137,
4138,
4139,
4140,
4141,
4142,
4143,
4144,
4145,
4146,
4147,
4148,
4149,
4150,
4151,
4152,
4153,
4154,
4155,
4156,
4157,
4158,
4159,
4160,
4161,
4162,
4163,
4164,
4165,
4166,
4167,
4168,
4169,
4170,
4171,
4172,河北省
4173,
4174,
4175,
4176,
4177,
4178,
4179,
4180,
4181,
4182,
4183,
4184,
4185,
4186,
4187,北京市
4188,北京市
4189,湖北省
4190,北京市
4191,
4192,广东省
4193,北京市
4194,北京市
4195,天津市
4196,
4197,
4198,湖南省
4199,四川省
4200,安徽省
4201,河南省
4202,山东省
4203,山东省
4204,江苏省
4205,湖南省
4206,湖南省
4207,湖南省
4208,湖南省
4209,安徽省
4210,安徽省
4211,湖南省
4212,江苏省
4213,江苏省
4214,四川省
4215,贵州省
4216,四川省
4217,河南省
4218,湖南省
4219,四川省
4220,江西省
4221,
4222,浙江省
4223,四川省
4224,河南省
4225,湖南省
4226,
4227,辽宁省
4228,辽宁省
4229,辽宁省
4230,辽宁省
4231,
4232,江苏省
4233,江苏省
4234,黑龙江省
4235,山东省
4236,贵州省
4237,四川省
4238,湖南省
4239,河北省
4240,贵州省
4241,江苏省
4242,天津市
4243,江苏省
4244,贵州省
4245,江苏省
4246,四川省
4247,浙江省
4248,陕西省
4249,湖南省
4250,江苏省
4251,江苏省
4252,湖北省
4253,山东省
4254,江苏省
4255,
4256,江苏省
4257,安徽省
4258,山东省
4259,安徽省
4260,江苏省
4261,广东省
4262,北京市
4263,新疆维吾尔自治区
4264,安徽省
4265,吉林省
4266,江苏省
4267,四川省
4268,上海市
4269,山东省
4270,安徽省
4271,江苏省
4272,广东省
4273,浙江省
4274,新疆维吾尔自治区
4275,山东省
4276,浙江省
4277,湖南省
4278,江苏省
4279,山东省
4280,广东省
4281,江苏省
4282,福建省
4283,广西壮族自治区
4284,江西省
4285,四川省
4286,江苏省
4287,江苏省
4288,福建省
4289,甘肃省
4290,江苏省
4291,贵州省
4292,安徽省
4293,辽宁省
4294,广东省
4295,辽宁省
4296,广东省
4297,广东省
4298,四川省
4299,湖北省
4300,广东省
4301,山东省
4302,湖北省
4303,广东省
4304,广东省
4305,广东省
4306,福建省
4307,贵州省
4308,广西壮族自治区
4309,广东省
4310,广东省
4311,广东省
4312,江西省
4313,江西省
4314,江西省
4315,上海市
4316,安徽省
4317,广东省
4318,广东省
4319,辽宁省
4320,安徽省
4321,江苏省
4322,贵州省
4323,广东省
4324,广东省
4325,广东省
4326,湖北省
4327,广西壮族自治区
4328,江苏省
4329,浙江省
4330,广西壮族自治区
4331,广东省
4332,福建省
4333,广西壮族自治区
4334,江苏省
4335,
4336,
4337,
4338,
4339,
4340,
4341,
4342,
4343,广东省
4344,
4345,
4346,
4347,
4348,
4349,
4350,
4351,
4352,
4353,
4354,
4355,
4356,
4357,
4358,
4359,
4360,
4361,
4362,
4363,
4364,
4365,
4366,
4367,
4368,
4369,
4370,
4371,
4372,
4373,
4374,
4375,
4376,
4377,
4378,
4379,
4380,
4381,
4382,
4383,
4384,
4385,
4386,
4387,
4388,
4389,山东省
4390,
4391,
4392,
4393,
4394,
4395,
4396,
4397,
4398,
4399,
4400,
4401,
4402,
4403,
4404,
4405,
4406,
4407,
4408,
4409,
4410,
4411,
4412,
4413,
4414,
4415,
4416,
4417,
4418,
4419,
4420,
4421,
4422,
4423,
4424,
4425,
4426,
4427,
4428,
4429,
4430,
4431,
4432,
4433,
4434,
4435,
4436,
4437,
4438,
4439,
4440,
4441,
4442,
4443,
4444,
4445,
4446,
4447,
4448,
4449,
4450,
4451,
4452,
4453,
4454,
4455,
4456,
4457,广东省
4458,
4459,
4460,
4461,
4462,
4463,
4464,
4465,
4466,
4467,
4468,
4469,
4470,
4471,
4472,
4473,河南省
4474,山东省
4475,浙江省
4476,北京市
4477,安徽省
4478,河南省
4479,江苏省
4480,山东省
4481,北京市
4482,福建省
4483,河北省
4484,广东省
4485,河南省
4486,上海市
4487,湖北省
4488,湖南省
4489,福建省
4490,河南省
4491,河南省
4492,新疆维吾尔自治区
4493,江苏省
4494,江苏省
4495,安徽省
4496,安徽省
4497,安徽省
4498,湖北省
4499,安徽省
4500,广东省
4501,湖北省
4502,广东省
4503,陕西省
4504,广东省
4505,湖北省
4506,江苏省
4507,山西省
4508,天津市
4509,吉林省
4510,山东省
4511,福建省
4512,江苏省
4513,新疆维吾尔自治区
4514,湖南省
4515,安徽省
4516,安徽省
4517,山东省
4518,安徽省
4519,广东省
4520,江苏省
4521,安徽省
4522,江苏省
4523,广东省
4524,浙江省
4525,浙江省
4526,湖南省
4527,湖北省
4528,江苏省
4529,天津市
4530,江苏省
4531,广东省
4532,浙江省
4533,江西省
4534,广东省
4535,广东省
4536,天津市
4537,江苏省
4538,天津市
4539,浙江省
4540,广东省
4541,江苏省
4542,安徽省
4543,陕西省
4544,河北省
4545,浙江省
4546,安徽省
4547,江苏省
4548,江西省
4549,四川省
4550,安徽省
4551,江苏省
4552,山东省
4553,山东省
4554,江苏省
4555,江苏省
4556,湖北省
4557,福建省
4558,广东省
4559,浙江省
4560,浙江省
4561,天津市
4562,广西壮族自治区
4563,江苏省
4564,浙江省
4565,江苏省
4566,湖南省
4567,广东省
4568,河南省
4569,山西省
4570,浙江省
4571,山西省
4572,浙江省
4573,天津市
4574,江苏省
4575,天津市
4576,山西省
4577,江苏省
4578,广东省
4579,浙江省
4580,浙江省
4581,江苏省
4582,江苏省
4583,内蒙古自治区
4584,天津市
4585,天津市
4586,江苏省
4587,江苏省
4588,江苏省
4589,陕西省
4590,浙江省
4591,重庆市
4592,辽宁省
4593,北京市
4594,江苏省
4595,北京市
4596,江苏省
4597,江苏省
4598,广东省
4599,山西省
4600,江苏省
4601,浙江省
4602,浙江省
4603,山东省
4604,江苏省
4605,江苏省
4606,北京市
4607,山西省
4608,北京市
4609,北京市
4610,
4611,
4612,
4613,
4614,
4615,江苏省
4616,广东省
4617,广东省
4618,
4619,
4620,北京市
4621,广东省
4622,
4623,
4624,
4625,
4626,
4627,
4628,
4629,
4630,
4631,
4632,
4633,
4634,
4635,广东省
4636,
4637,
4638,
4639,
4640,广东省
4641,
4642,
4643,
4644,
4645,
4646,
4647,
4648,
4649,
4650,
4651,
4652,
4653,
4654,广东省
4655,
4656,
4657,
4658,
4659,
4660,
4661,
4662,
4663,
4664,吉林省
4665,
4666,
4667,
4668,
4669,
4670,
4671,广东省
4672,
4673,
4674,
4675,广东省
4676,广东省
4677,
4678,
4679,
4680,
4681,广东省
4682,
4683,广东省
4684,
4685,广东省
4686,广东省
4687,广东省
4688,
4689,
4690,
4691,
4692,
4693,
4694,
4695,
4696,
4697,
4698,
4699,
4700,
4701,
4702,
4703,
4704,广东省
4705,
4706,
4707,
4708,
4709,
4710,
4711,
4712,江苏省
4713,
4714,
4715,
4716,
4717,
4718,
4719,
4720,
4721,
4722,
4723,
4724,
4725,
4726,
4727,
4728,
4729,
4730,
4731,
4732,
4733,广东省
4734,四川省
4735,
4736,
4737,
4738,
4739,
4740,
4741,
4742,
4743,
4744,
4745,
4746,
4747,
4748,
4749,
4750,
4751,
4752,
4753,
4754,
4755,
4756,
4757,
4758,
4759,
4760,
4761,
4762,
4763,
4764,
4765,
4766,
4767,
4768,
4769,
4770,
4771,
4772,
4773,
4774,
4775,
4776,
4777,
4778,
4779,
4780,
4781,
4782,
4783,
4784,
4785,
4786,
4787,
4788,
4789,
4790,
4791,
4792,
4793,
4794,
4795,
4796,
4797,
4798,
4799,
4800,
4801,
4802,
4803,
4804,
4805,
4806,
4807,
4808,
4809,
4810,
4811,
4812,
4813,
4814,
4815,浙江省
4816,北京市
4817,北京市
4818,江苏省
4819,山西省
4820,浙江省
4821,湖北省
4822,安徽省
4823,湖北省
4824,山东省
4825,山东省
4826,山东省
4827,山东省
4828,河南省
4829,北京市
4830,安徽省
4831,河南省
4832,湖北省
4833,山东省
4834,山东省
4835,山东省
4836,江苏省
4837,广东省
4838,山东省
4839,山东省
4840,浙江省
4841,北京市
4842,安徽省
4843,广东省
4844,安徽省
4845,山东省
4846,辽宁省
4847,广东省
4848,广东省
4849,云南省
4850,安徽省
4851,安徽省
4852,安徽省
4853,安徽省
4854,安徽省
4855,山东省
4856,安徽省
4857,湖北省
4858,北京市
4859,河北省
4860,安徽省
4861,山东省
4862,福建省
4863,福建省
4864,福建省
4865,福建省
4866,山东省
4867,广东省
4868,甘肃省
4869,山东省
4870,
4871,
4872,
4873,
4874,广东省
4875,
4876,
4877,
4878,
4879,
4880,
4881,广东省
4882,
4883,
4884,
4885,
4886,
4887,
4888,
4889,
4890,
4891,
4892,
4893,
4894,
4895,
4896,
4897,
4898,
4899,
4900,
4901,
4902,
4903,
4904,
4905,
4906,广东省
4907,
4908,
4909,
4910,
4911,
4912,
4913,
4914,
4915,
4916,
4917,
4918,
4919,
4920,
4921,
4922,广东省
4923,广东省
4924,广东省
4925,
4926,
4927,
4928,
4929,
4930,
4931,
4932,
4933,
4934,
4935,
4936,
4937,
4938,
4939,
4940,
4941,
4942,
4943,四川省
4944,
4945,
4946,
4947,
4948,
4949,
4950,福建省
4951,
4952,广东省
4953,
4954,
4955,
4956,
4957,
4958,
4959,
4960,
4961,
4962,
4963,
4964,
4965,
4966,
4967,
4968,
4969,
4970,
4971,
4972,
4973,广东省
4974,
4975,
4976,
4977,
4978,
4979,
4980,
4981,
4982,
4983,
4984,
4985,
4986,广东省
4987,
4988,广东省
4989,
4990,
4991,
4992,
4993,北京市
4994,
4995,四川省
4996,
4997,
4998,
4999,
5000,
5001,
5002,
5003,
5004,
5005,
5006,
5007,
5008,
5009,
5010,
5011,
5012,
5013,
5014,
5015,
5016,
5017,
5018,
5019,
5020,江苏省
5021,
5022,
5023,
5024,
5025,
5026,
5027,
5028,
5029,
5030,
5031,
5032,
5033,
5034,
5035,
5036,
5037,
5038,
5039,
5040,
5041,
5042,
5043,
5044,
5045,
5046,
5047,
5048,
5049,
5050,
5051,
5052,
5053,
5054,
5055,
5056,
5057,
5058,
5059,
5060,
5061,
5062,
5063,
5064,
5065,
5066,
5067,
5068,
5069,
5070,
5071,
5072,
5073,
5074,
5075,
5076,
5077,
5078,
5079,
5080,
5081,
5082,
5083,
5084,
5085,
5086,
5087,
5088,
5089,
5090,
5091,
5092,
5093,
5094,
5095,
5096,
5097,
5098,
5099,
5100,
5101,
5102,
5103,
5104,
5105,
5106,
5107,
5108,
5109,
5110,
5111,
5112,
5113,
5114,
5115,
5116,
5117,
5118,
5119,
5120,
5121,
5122,
5123,
5124,
5125,
5126,
5127,
5128,
5129,
5130,
5131,
5132,
5133,
5134,
5135,
5136,
5137,
5138,
5139,
5140,
5141,
5142,广东省
5143,
5144,
5145,
5146,
5147,广东省
5148,
5149,
5150,广东省
5151,
5152,
5153,
5154,北京市
5155,
5156,
5157,
5158,
5159,
5160,
5161,
5162,
5163,
5164,
5165,
5166,
5167,
5168,
5169,
5170,
5171,
5172,
5173,
5174,
5175,
5176,
5177,
5178,
5179,
5180,
5181,
5182,
5183,
5184,
5185,
5186,
5187,
5188,
5189,
5190,
5191,
5192,
5193,
5194,
5195,河北省
5196,
5197,
5198,
5199,
5200,
5201,
5202,
5203,
5204,
5205,
5206,
5207,
5208,
5209,
5210,
5211,
5212,
5213,
5214,
5215,
5216,
5217,
5218,江苏省
5219,浙江省
5220,江苏省
5221,云南省
5222,安徽省
5223,浙江省
5224,浙江省
5225,山东省
5226,山东省
5227,安徽省
5228,广东省
5229,广东省
5230,北京市
5231,北京市
5232,河南省
5233,河南省
5234,安徽省
5235,江苏省
5236,福建省
5237,江苏省
5238,江苏省
5239,河北省
5240,河南省
5241,重庆市
5242,山东省
5243,
5244,
5245,
5246,
5247,
5248,
5249,
5250,江苏省
5251,
5252,
5253,
5254,
5255,
5256,
5257,
5258,广东省
5259,广东省
5260,广东省
5261,
5262,广东省
5263,广东省
5264,广东省
5265,广东省
5266,
5267,
5268,广东省
5269,北京市
5270,广东省
5271,广东省
5272,广东省
5273,广东省
5274,广东省
5275,广东省
5276,广东省
5277,广东省
5278,广东省
5279,广东省
5280,广东省
5281,广东省
5282,
5283,
5284,
5285,
5286,
5287,
5288,
5289,
5290,
5291,
5292,河北省
5293,
5294,
5295,
5296,广东省
5297,
5298,广东省
5299,广东省
5300,广东省
5301,广东省
5302,
5303,广东省
5304,
5305,上海市
5306,
5307,广东省
5308,广东省
5309,
5310,
5311,广东省
5312,北京市
5313,
5314,
5315,
5316,
5317,
5318,
5319,
5320,广东省
5321,
5322,广东省
5323,广东省
5324,
5325,
5326,广东省
5327,广东省
5328,
5329,广东省
5330,广东省
5331,广东省
5332,
5333,上海市
5334,
5335,
5336,广东省
5337,上海市
5338,上海市
5339,上海市
5340,广东省
5341,
5342,
5343,
5344,广东省
5345,广东省
5346,
5347,广东省
5348,
5349,
5350,
5351,
5352,广东省
5353,
5354,广东省
5355,广东省
5356,
5357,
5358,广东省
5359,广东省
5360,广东省
5361,广东省
5362,
5363,
5364,
5365,广东省
5366,
5367,广东省
5368,广东省
5369,
5370,
5371,
5372,广东省
5373,广东省
5374,
5375,广东省
5376,广东省
5377,广东省
5378,广东省
5379,广东省
5380,江苏省
5381,江苏省
5382,广东省
5383,广东省
5384,广东省
5385,广东省
5386,广东省
5387,广东省
5388,广东省
5389,广东省
5390,江苏省
5391,江苏省
5392,广东省
5393,浙江省
5394,江苏省
5395,广东省
5396,山东省
5397,北京市
5398,
5399,江苏省
5400,广东省
5401,广东省
5402,浙江省
5403,浙江省
5404,江苏省
5405,浙江省
5406,广东省
5407,广东省
5408,广东省
5409,广东省
5410,广东省
5411,广东省
5412,广东省
5413,广东省
5414,广东省
5415,广东省
5416,广东省
5417,广东省
5418,广东省
5419,广东省
5420,山东省
5421,浙江省
5422,浙江省
5423,山东省
5424,山东省
5425,山东省
5426,北京市
5427,浙江省
5428,广东省
5429,湖北省
5430,江苏省
5431,浙江省
5432,广东省
5433,江苏省
5434,江苏省
5435,江苏省
5436,浙江省
5437,广东省
5438,湖北省
5439,江苏省
5440,
5441,广东省
5442,
5443,
5444,黑龙江省
5445,云南省
5446,云南省
5447,山东省
5448,山东省
5449,江西省
5450,江西省
5451,上海市
5452,云南省
5453,云南省
5454,山东省
5455,江西省
5456,山东省
5457,黑龙江省
5458,陕西省
5459,福建省
5460,河北省
5461,云南省
5462,广东省
5463,安徽省
5464,上海市
5465,浙江省
5466,江西省
5467,山东省
5468,河南省
5469,北京市
5470,山东省
5471,广东省
5472,辽宁省
5473,北京市
5474,云南省
5475,浙江省
5476,黑龙江省
5477,黑龙江省
5478,黑龙江省
5479,北京市
5480,黑龙江省
5481,江西省
5482,江西省
5483,广东省
5484,福建省
5485,福建省
5486,福建省
5487,福建省
5488,云南省
5489,河南省
5490,山东省
5491,福建省
5492,山东省
5493,山东省
5494,山东省
5495,江西省
5496,江苏省
5497,山东省
5498,福建省
5499,湖北省
5500,浙江省
5501,广东省
5502,山东省
5503,浙江省
5504,陕西省
5505,江西省
5506,江西省
5507,山东省
5508,山东省
5509,
5510,
5511,
5512,
5513,
5514,
5515,浙江省
5516,黑龙江省
5517,湖南省
5518,山东省
5519,浙江省
5520,湖南省
5521,北京市
5522,山东省
5523,广东省
5524,重庆市
5525,江西省
5526,福建省
5527,云南省
5528,江苏省
5529,天津市
5530,江苏省
5531,山东省
5532,山东省
5533,吉林省
5534,重庆市
5535,浙江省
5536,江苏省
5537,山西省
5538,山西省
5539,安徽省
5540,四川省
5541,江苏省
5542,山东省
5543,
5544,四川省
5545,浙江省
5546,云南省
5547,山东省
5548,北京市
5549,山东省
5550,山东省
5551,北京市
5552,浙江省
5553,黑龙江省
5554,山西省
5555,江苏省
5556,山东省
5557,山东省
5558,广西壮族自治区
5559,广西壮族自治区
5560,广西壮族自治区
5561,山东省
5562,山东省
5563,广东省
5564,安徽省
5565,河北省
5566,甘肃省
5567,浙江省
5568,浙江省
5569,浙江省
5570,浙江省
5571,浙江省
5572,浙江省
5573,山东省
5574,陕西省
5575,浙江省
5576,天津市
5577,内蒙古自治区
5578,浙江省
5579,海南省
5580,山东省
5581,安徽省
5582,广东省
5583,北京市
5584,山东省
5585,山东省
5586,河北省
5587,吉林省
5588,江苏省
5589,广西壮族自治区
5590,天津市
5591,四川省
5592,山东省
5593,福建省
5594,福建省
5595,湖南省
5596,江苏省
5597,内蒙古自治区
5598,内蒙古自治区
5599,山东省
5600,广西壮族自治区
5601,广西壮族自治区
5602,江西省
5603,北京市
5604,江苏省
5605,北京市
5606,浙江省
5607,浙江省
5608,湖北省
5609,山东省
5610,山东省
5611,北京市
5612,山东省
5613,山东省
5614,山东省
5615,江苏省
5616,江苏省
5617,山东省
5618,山东省
5619,江苏省
5620,甘肃省
5621,内蒙古自治区
5622,浙江省
5623,
5624,
5625,吉林省
5626,黑龙江省
5627,河南省
5628,江苏省
5629,江苏省
5630,广西壮族自治区
5631,山东省
5632,山东省
5633,浙江省
5634,山东省
5635,安徽省
5636,湖南省
5637,山西省
5638,四川省
5639,
5640,福建省
5641,福建省
5642,广东省
5643,内蒙古自治区
5644,江苏省
5645,广东省
5646,黑龙江省
5647,广东省
5648,陕西省
5649,辽宁省
5650,四川省
5651,贵州省
5652,山东省
5653,河南省
5654,河南省
5655,江苏省
5656,浙江省
5657,山西省
5658,山东省
5659,浙江省
5660,辽宁省
5661,辽宁省
5662,辽宁省
5663,广东省
5664,江苏省
5665,浙江省
5666,山东省
5667,湖南省
5668,浙江省
5669,浙江省
5670,江苏省
5671,浙江省
5672,浙江省
5673,北京市
5674,北京市
5675,江苏省
5676,北京市
5677,江苏省
5678,山东省
5679,北京市
5680,黑龙江省
5681,江苏省
5682,山东省
5683,山东省
5684,四川省
5685,四川省
5686,福建省
5687,福建省
5688,北京市
5689,江苏省
5690,江苏省
5691,浙江省
5692,上海市
5693,江苏省
5694,上海市
5695,安徽省
5696,安徽省
5697,安徽省
5698,安徽省
5699,安徽省
5700,广东省
5701,北京市
5702,浙江省
5703,广东省
5704,山东省
5705,浙江省
5706,陕西省
5707,吉林省
5708,广东省
5709,浙江省
5710,重庆市
5711,上海市
5712,浙江省
5713,北京市
5714,江苏省
5715,广东省
5716,福建省
5717,湖北省
5718,黑龙江省
5719,广东省
5720,广西壮族自治区
5721,广东省
5722,广西壮族自治区
5723,北京市
5724,广东省
5725,北京市
5726,北京市
5727,河南省
5728,浙江省
5729,河南省
5730,湖南省
5731,湖南省
5732,湖南省
5733,湖南省
5734,北京市
5735,北京市
5736,北京市
5737,广东省
5738,上海市
5739,广东省
5740,北京市
5741,四川省
5742,北京市
5743,陕西省
5744,浙江省
5745,福建省
5746,吉林省
5747,浙江省
5748,
5749,
5750,
5751,
5752,
5753,
5754,
5755,
5756,
5757,
5758,
5759,
5760,
5761,
5762,
5763,
5764,
5765,
5766,
5767,
5768,
5769,
5770,
5771,
5772,
5773,
5774,
5775,
5776,
5777,
5778,
5779,
5780,
5781,
5782,
5783,
5784,
5785,
5786,
5787,
5788,
5789,
5790,
5791,
5792,
5793,
5794,
5795,
5796,
5797,广东省
5798,广东省
5799,广东省
5800,广东省
5801,广东省
5802,
5803,广东省
5804,
5805,
5806,
5807,广东省
5808,广东省
5809,广东省
5810,
5811,广东省
5812,
5813,
5814,
5815,
5816,广东省
5817,
5818,
5819,
5820,
5821,
5822,
5823,
5824,
5825,
5826,
5827,
5828,
5829,
5830,
5831,
5832,
5833,
5834,
5835,
5836,
5837,
5838,
5839,
5840,
5841,
5842,
5843,
5844,
5845,
5846,
5847,
5848,
5849,
5850,
5851,
5852,
5853,
5854,
5855,
5856,
5857,
5858,
5859,
5860,
5861,
5862,
5863,
5864,
5865,江苏省
5866,
5867,
5868,
5869,
5870,
5871,
5872,
5873,
5874,
5875,
5876,北京市
5877,
5878,
5879,
5880,
5881,
5882,
5883,
5884,
5885,
5886,
5887,
5888,
5889,
5890,
5891,
5892,
5893,
5894,
5895,
5896,
5897,
5898,
5899,
5900,
5901,
5902,上海市
5903,
5904,
5905,
5906,
5907,
5908,
5909,
5910,
5911,
5912,
5913,
5914,
5915,
5916,
5917,
5918,
5919,
5920,
5921,
5922,
5923,
5924,
5925,
5926,
5927,
5928,
5929,
5930,
5931,
5932,
5933,
5934,
5935,
5936,
5937,
5938,
5939,
5940,
5941,
5942,
5943,
5944,
5945,
5946,
5947,
5948,
5949,
5950,
5951,
5952,
5953,
5954,
5955,
5956,
5957,
5958,
5959,
5960,
5961,
5962,
5963,
5964,
5965,
5966,
5967,
5968,
5969,
5970,
5971,
5972,
5973,
5974,
5975,
5976,
5977,
5978,
5979,
5980,
5981,
5982,
5983,江苏省
5984,
5985,
5986,
5987,
5988,
5989,
5990,
5991,
5992,
5993,
5994,
5995,广东省
5996,
5997,
5998,
5999,
6000,
6001,广东省
6002,
6003,
6004,
6005,
6006,
6007,
6008,
6009,
6010,
6011,
6012,
6013,
6014,
6015,
6016,
6017,
6018,
6019,
6020,
6021,
6022,
6023,
6024,
6025,
6026,
6027,安徽省
6028,湖北省
6029,江苏省
6030,江苏省
6031,山东省
6032,安徽省
6033,安徽省
6034,安徽省
6035,安徽省
6036,安徽省
6037,安徽省
6038,安徽省
6039,安徽省
6040,山东省
6041,安徽省
6042,安徽省
6043,安徽省
6044,重庆市
6045,江苏省
6046,安徽省
6047,安徽省
6048,山东省
6049,安徽省
6050,吉林省
6051,安徽省
6052,江苏省
6053,山东省
6054,安徽省
6055,安徽省
6056,安徽省
6057,山西省
6058,安徽省
6059,广东省
6060,湖南省
6061,安徽省
6062,湖南省
6063,广东省
6064,云南省
6065,湖南省
6066,江苏省
6067,湖南省
6068,福建省
6069,福建省
6070,浙江省
6071,安徽省
6072,安徽省
6073,江苏省
6074,河南省
6075,河南省
6076,河南省
6077,河南省
6078,安徽省
6079,安徽省
6080,安徽省
6081,上海市
6082,山西省
6083,湖南省
6084,浙江省
6085,广东省
6086,安徽省
6087,湖南省
6088,浙江省
6089,北京市
6090,浙江省
6091,山西省
6092,江苏省
6093,河南省
6094,安徽省
6095,安徽省
6096,浙江省
6097,江苏省
6098,湖南省
6099,安徽省
6100,安徽省
6101,北京市
6102,山东省
6103,安徽省
6104,江苏省
6105,上海市
6106,广东省
6107,广东省
6108,广东省
6109,江苏省
6110,江苏省
6111,江苏省
6112,江苏省
6113,山东省
6114,江苏省
6115,江苏省
6116,山东省
6117,安徽省
6118,安徽省
6119,安徽省
6120,江苏省
6121,广东省
6122,安徽省
6123,安徽省
6124,广东省
6125,安徽省
6126,安徽省
6127,吉林省
6128,江苏省
6129,江苏省
6130,江苏省
6131,广东省
6132,山东省
6133,广东省
6134,江苏省
6135,山西省
6136,山西省
6137,河南省
6138,河南省
6139,河南省
6140,广东省
6141,河南省
6142,江苏省
6143,河南省
6144,安徽省
6145,黑龙江省
6146,黑龙江省
6147,山东省
6148,山东省
6149,安徽省
6150,安徽省
6151,广东省
6152,广东省
6153,江苏省
6154,广东省
6155,湖南省
6156,江苏省
6157,北京市
